assigned_to_name,total_count,open_count,close_count,today_followup_count,due_followup_count,upcoming_followup_count
"Vishvarajsinh Zala","1026","86","919","0","21","86"
"Vaibhavi Unjiya","331","48","282","0","1","48"
"Virendrasinh Dayatar","271","13","245","0","13","13"
"Mehul Patel","205","4","199","0","2","4"
"Unnati Chauhan","108","8","93","0","7","8"
"Trupti Gadhiya","93","1","0","0","92","1"
"Karishma Darji","72","0","58","0","14","0"
"Ketan Panchal","51","0","12","0","39","0"
"Bhargav Suthar","3","0","0","0","3","0"
"Bhaskar Asodiya","3","0","2","0","1","0"
"Mukesh Meshram","3","0","0","0","3","0"
"Priyanshu Hingu","2","0","2","0","0","0"
"Alpesh Patel","1","0","1","0","0","0"
"Ankur Thakar","0","0","0","0","0","0"
"Biren Suthar","0","0","0","0","0","0"
"GN Patel","0","0","0","0","0","0"
"Jhanvi Chavda","0","0","0","0","0","0"
"Megha Gajjar","0","0","0","0","0","0"
"Nirav Raval","0","0","0","0","0","0"
"Payal Boghra","0","0","0","0","0","0"
"Sunil Jain","0","0","0","0","0","0"
"Tilak Patel CRM","0","0","0","0","0","0"