group_column,total_count,open_count,won_count,lost_count,total_amount,open_amount,won_amount,lost_amount,won_conversion_rate,lost_conversion_rate,total_quantity
FI Supervisor,446,131,0,0,0,0,0,0,0,0,0
All CSP Point Inquires,123,54,0,69,0,0,0,0,0,56.1,0
BOB CSP,102,56,1,45,0,0,0,0,0.98,44.12,0
BenQ IFP,79,64,0,15,0,0,0,0,0,18.99,2
GGB CSP,77,63,2,12,0,0,0,0,2.6,15.58,0
IOB CSP,60,21,1,33,0,0,0,0,2.5,55,0
Aaramse Loan,38,27,1,10,0,0,0,0,2.63,26.32,0
SBI CSP,37,11,3,23,0,0,0,0,8.11,62.16,0
CBI CSP,30,6,0,24,0,0,0,0,0,80,0
PNB CSP,15,13,0,2,0,0,0,0,0,13.33,0
Software / Website / Ecommerce / App,14,8,4,2,566958,0,566958,0,28.57,14.29,4
Interview,14,10,4,0,0,0,0,0,28.57,0,0
Canara Bank CSP,13,5,1,7,0,0,0,0,7.69,53.85,0
CCTV Camera,10,5,0,5,0,0,0,0,0,50,0
Jio Connect,9,3,6,0,33122,10170,22952,0,66.67,0,35
General Inquiry,8,8,0,0,0,0,0,0,0,0,0
Aadhaar Center,6,0,0,6,0,0,0,0,0,100,0
Franchise,2,2,0,0,0,0,0,0,0,0,0
FI Supervisor (UP),2,2,0,0,0,0,0,0,0,0,0
Microsoft Office License 365,1,0,1,0,1302720,0,1302720,0,100,0,1
Evolis Printer,1,0,0,1,0,0,0,0,0,100,0
Partnership,1,0,0,1,0,0,0,0,0,100,0
Evolis Consumables,1,0,1,0,18998,0,18998,0,100,0,1007
ID Card,1,0,1,0,870,0,870,0,100,0,0
Digitization,1,1,0,0,0,0,0,0,0,0,0
Kotak BF,1,1,0,0,0,0,0,0,0,0,0
